{
  "n_bootstrap": 5000,
  "n_facilities": 21,
  "seed": 42,
  "overall_mean": 82.84548565584761,
  "overall_ci_95": [
    71.95248168088551,
    90.55226517847129
  ],
  "overall_ci_90": [
    74.25750231923888,
    89.54965670464378
  ]
}