{
  "n_bootstrap": 5000,
  "n_facilities": 20,
  "seed": 42,
  "overall_mean": 84.67125798942001,
  "overall_ci_95": [
    75.77595896121163,
    91.08346678848623
  ],
  "overall_ci_90": [
    77.82486113293668,
    90.26709716841134
  ]
}