{
  "n_bootstrap": 5000,
  "n_facilities": 21,
  "seed": 42,
  "overall_mean": 83.132940786045,
  "overall_ci_95": [
    73.48147971915988,
    90.35784147687238
  ],
  "overall_ci_90": [
    75.15759351369893,
    89.47532270266532
  ]
}