{
  "n_bootstrap": 5000,
  "n_facilities": 20,
  "seed": 42,
  "overall_mean": 85.85549529858044,
  "overall_ci_95": [
    76.57165800187128,
    92.50806192991048
  ],
  "overall_ci_90": [
    78.66283845791132,
    91.60731379958337
  ]
}