{
  "n_outer": 5,
  "overall": [
    82.96748957158222,
    81.25005732366364,
    80.48486052427697,
    82.8141881056683,
    79.33117958193718
  ],
  "per_sector": {
    "cement": [
      78.39404314154457,
      75.62923002488455,
      76.51185238313408,
      78.75788320292835,
      78.28414989724166
    ],
    "BF/BOF": [
      5.760762355253046,
      -56.12636329490213,
      -25.206932474753472,
      64.06470774466992,
      -53.74291771367559
    ],
    "EAF": [
      96.83982781360577,
      99.00457376082039,
      99.09054601866015,
      97.43948963487699,
      94.76147594175082
    ],
    "fertilizer-int": [
      81.40637713658525,
      89.70618200989504,
      76.01583783174412,
      77.06969912699698,
      71.19472962990447
    ],
    "fertilizer-n2o": [
      72.76472980824131,
      72.30664019238507,
      72.45324149593579,
      71.85919120707842,
      72.27045489173969
    ],
    "fertilizer-blnd": [
      96.48075780243616,
      94.35050966784921,
      94.58900278760261,
      94.1068569774568,
      93.12621662575052
    ],
    "aluminum-dnstm": [
      90.07301586352487,
      82.3790376374389,
      84.7143199169113,
      90.68130022624455,
      84.24169745724892
    ]
  },
  "summary": {
    "overall_mean": 81.36955502142565,
    "overall_2sigma": 3.0971435323597603
  }
}