{
  "n_outer": 5,
  "overall": [
    86.95632966902642,
    88.4823731557326,
    89.06366719374236,
    88.55019742384776,
    90.34497308216967
  ],
  "per_sector": {
    "cement": [
      87.7385774733599,
      87.82442707244968,
      87.15083375579125,
      88.94409709926839,
      89.0710465510273
    ],
    "BF/BOF": [
      13.831690991364898,
      34.083408521844696,
      49.24513980866364,
      9.195753306981747,
      42.89305510705643
    ],
    "EAF": [
      95.77402240734702,
      97.77923289758655,
      99.02835043475415,
      99.1235608860452,
      99.99992354315683
    ]
  },
  "summary": {
    "overall_mean": 88.67950810490376,
    "overall_2sigma": 2.438499366071113
  }
}