{
  "n_outer": 5,
  "overall": [
    84.39462230395068,
    84.37802202771576,
    84.4937188778378,
    84.7651371182988,
    84.56061227955239
  ],
  "per_sector": {
    "cement": [
      74.60343462573809,
      73.00407091275439,
      72.86262630338591,
      74.49947605855208,
      74.25353156028814
    ],
    "BF/BOF": [
      -12.892693569249758,
      47.47462798082635,
      -51.377852601180194,
      -14.78323580320513,
      -5.110197623679058
    ],
    "EAF": [
      96.98321054993775,
      98.06519459348057,
      98.10415240953108,
      99.97392038976756,
      98.60904218456012
    ],
    "fertilizer-int": [
      80.02745452945047,
      79.67515786503603,
      85.79396052613532,
      75.69960224582361,
      75.48254048759155
    ],
    "fertilizer-n2o": [
      84.66472754109147,
      83.51947836212044,
      86.51279808841022,
      84.27338114571712,
      84.52657414919894
    ],
    "fertilizer-blnd": [
      99.52858647805552,
      99.76976787796659,
      99.30545884258208,
      98.31050326568327,
      99.50402770067933
    ],
    "aluminum-dnstm": [
      85.10919561612135,
      82.84689254403925,
      85.91740253901604,
      89.840260888467,
      86.24832363124655
    ]
  },
  "summary": {
    "overall_mean": 84.51842252147108,
    "overall_2sigma": 0.3135237319381385
  }
}