{
  "cbam_price_eur": 85.0,
  "fx_rates_modeled": [
    30,
    40,
    50,
    60
  ],
  "operators": [
    {
      "operator": "Akçansa",
      "sector": "cement",
      "rev_tl_b": 21.6,
      "scope1_t": 5479000,
      "eu_export_share": 0.45,
      "cbam_default_eur": 516270065.3188181,
      "cbam_actual_eur": 209571750.0,
      "savings_eur": 306698315.3188181,
      "cbam_pct_revenue_by_fx": {
        "30": 71.70417573872474,
        "40": 95.60556765163298,
        "50": 119.50695956454123,
        "60": 143.4083514774495
      },
      "savings_pct_revenue_by_fx": {
        "30": 42.596988238724734,
        "40": 56.795984318299645,
        "50": 70.99498039787456,
        "60": 85.19397647744947
      }
    },
    {
      "operator": "Çimsa",
      "sector": "cement",
      "rev_tl_b": 28.2,
      "scope1_t": 4760000,
      "eu_export_share": 0.5,
      "cbam_default_eur": 498356454.1213065,
      "cbam_actual_eur": 202300000.0,
      "savings_eur": 296056454.1213065,
      "cbam_pct_revenue_by_fx": {
        "30": 53.01664405545814,
        "40": 70.68885874061085,
        "50": 88.36107342576356,
        "60": 106.03328811091627
      },
      "savings_pct_revenue_by_fx": {
        "30": 31.495367459713453,
        "40": 41.99382327961794,
        "50": 52.49227909952242,
        "60": 62.990734919426906
      }
    },
    {
      "operator": "Erdemir (group)",
      "sector": "steel-bfbof",
      "rev_tl_b": 209.8,
      "scope1_t": 17336630,
      "eu_export_share": 0.3,
      "cbam_default_eur": 419979861.75,
      "cbam_actual_eur": 442084065.0,
      "savings_eur": -22104203.25,
      "cbam_pct_revenue_by_fx": {
        "30": 6.0054317695424215,
        "40": 8.007242359389895,
        "50": 10.00905294923737,
        "60": 12.010863539084843
      },
      "savings_pct_revenue_by_fx": {
        "30": -0.3160753562917064,
        "40": -0.42143380838894184,
        "50": -0.5267922604861773,
        "60": -0.6321507125834128
      }
    },
    {
      "operator": "OYAK Çimento",
      "sector": "cement",
      "rev_tl_b": 44.4,
      "scope1_t": 7712391,
      "eu_export_share": 0.2,
      "cbam_default_eur": 322984859.79471236,
      "cbam_actual_eur": 131110647.00000001,
      "savings_eur": 191874212.79471236,
      "cbam_pct_revenue_by_fx": {
        "30": 21.823301337480565,
        "40": 29.097735116640756,
        "50": 36.37216889580095,
        "60": 43.64660267496113
      },
      "savings_pct_revenue_by_fx": {
        "30": 12.964473837480565,
        "40": 17.285965116640753,
        "50": 21.60745639580094,
        "60": 25.92894767496113
      }
    },
    {
      "operator": "Çolakoğlu (2023)",
      "sector": "steel-eaf",
      "rev_tl_b": 61.4,
      "scope1_t": 495035,
      "eu_export_share": 0.5,
      "cbam_default_eur": 159896305.0,
      "cbam_actual_eur": 21038987.5,
      "savings_eur": 138857317.5,
      "cbam_pct_revenue_by_fx": {
        "30": 7.812523045602606,
        "40": 10.416697394136808,
        "50": 13.020871742671009,
        "60": 15.625046091205212
      },
      "savings_pct_revenue_by_fx": {
        "30": 6.784559486970684,
        "40": 9.046079315960911,
        "50": 11.30759914495114,
        "60": 13.569118973941368
      }
    },
    {
      "operator": "Nuh Çimento",
      "sector": "cement",
      "rev_tl_b": 13.8,
      "scope1_t": 3584953,
      "eu_export_share": 0.15,
      "cbam_default_eur": 112599861.25660965,
      "cbam_actual_eur": 45708150.74999999,
      "savings_eur": 66891710.506609656,
      "cbam_pct_revenue_by_fx": {
        "30": 24.47823070795862,
        "40": 32.637640943944824,
        "50": 40.79705117993103,
        "60": 48.95646141591724
      },
      "savings_pct_revenue_by_fx": {
        "30": 14.541676197089057,
        "40": 19.38890159611874,
        "50": 24.236126995148428,
        "60": 29.083352394178114
      }
    },
    {
      "operator": "Kardemir",
      "sector": "steel-bfbof",
      "rev_tl_b": 56.5,
      "scope1_t": 5650626,
      "eu_export_share": 0.2,
      "cbam_default_eur": 91257609.89999999,
      "cbam_actual_eur": 96060642.0,
      "savings_eur": -4803032.100000009,
      "cbam_pct_revenue_by_fx": {
        "30": 4.845536808849557,
        "40": 6.4607157451327435,
        "50": 8.075894681415928,
        "60": 9.691073617699114
      },
      "savings_pct_revenue_by_fx": {
        "30": -0.2550282530973456,
        "40": -0.3400376707964608,
        "50": -0.425047088495576,
        "60": -0.5100565061946912
      }
    },
    {
      "operator": "Bursa Çimento",
      "sector": "cement",
      "rev_tl_b": 15.4,
      "scope1_t": 1121545,
      "eu_export_share": 0.1,
      "cbam_default_eur": 23484419.72006221,
      "cbam_actual_eur": 9533132.5,
      "savings_eur": 13951287.220062211,
      "cbam_pct_revenue_by_fx": {
        "30": 4.5748869584536775,
        "40": 6.099849277938237,
        "50": 7.624811597422795,
        "60": 9.149773916907355
      },
      "savings_pct_revenue_by_fx": {
        "30": 2.717783224687444,
        "40": 3.6237109662499245,
        "50": 4.529638707812406,
        "60": 5.435566449374888
      }
    },
    {
      "operator": "BAGFAŞ",
      "sector": "cement",
      "rev_tl_b": 1.7,
      "scope1_t": 9828,
      "eu_export_share": 0.3,
      "cbam_default_eur": 617375.7013996891,
      "cbam_actual_eur": 250614.0,
      "savings_eur": 366761.7013996891,
      "cbam_pct_revenue_by_fx": {
        "30": 1.0894865318818043,
        "40": 1.452648709175739,
        "50": 1.8158108864696736,
        "60": 2.1789730637636087
      },
      "savings_pct_revenue_by_fx": {
        "30": 0.6472265318818042,
        "40": 0.862968709175739,
        "50": 1.0787108864696737,
        "60": 1.2944530637636085
      }
    },
    {
      "operator": "Gübretaş",
      "sector": "cement",
      "rev_tl_b": 48.0,
      "scope1_t": 13281,
      "eu_export_share": 0.1,
      "cbam_default_eur": 278095.4650077761,
      "cbam_actual_eur": 112888.50000000001,
      "savings_eur": 165206.9650077761,
      "cbam_pct_revenue_by_fx": {
        "30": 0.017380966562986006,
        "40": 0.02317462208398134,
        "50": 0.028968277604976674,
        "60": 0.03476193312597201
      },
      "savings_pct_revenue_by_fx": {
        "30": 0.010325435312986006,
        "40": 0.013767247083981343,
        "50": 0.017209058854976676,
        "60": 0.020650870625972012
      }
    }
  ]
}